Actual,Predicted
0.0,0.043994147327675134
0.0,0.10063332736423598
0.0,0.052149900101832285
1.0,0.050519775012356515
0.0,0.08298366996526876
0.0,0.012215237515897894
0.0,0.009685369591814954
0.0,0.06216455661481714
0.0,0.021827978279934684
0.0,0.08286483382604205
0.0,0.08741859608939134
0.0,0.09709151227051988
0.0,0.001686460918938995
0.0,0.04394211840974087
0.0,-0.007473092525693859
0.0,0.029425728551340992
0.0,0.08337080741085864
0.0,0.10553697645859908
0.0,0.05811676793628444
0.0,0.047029988836574665
0.0,0.02728962987704863
0.0,0.0424241976552911
0.0,0.028867726048590135
0.0,0.028919754966524405
0.0,0.011709263931081307
0.0,0.06368247736926691
0.0,0.05862274152110102
0.0,0.05912871510591761
0.0,0.055192373414932494
0.0,0.041970252988408785
0.0,0.0248719662879917
0.0,0.027341658794982897
0.0,0.02234209836390876
1.0,0.0808409394867757
0.0,0.027847632379799488
0.0,0.0510257485971731
0.0,0.059686717608668456
0.0,0.024811790870899957
0.0,0.042536401990317114
0.0,0.06671831887816643
0.0,0.03650935873877322
0.0,0.046026188166098964
0.0,-0.009950931531842531
0.0,0.053161847271465466
0.0,0.029432360355541694
0.0,0.06267053019963373
0.0,0.10806684438268202
0.0,0.025883913457624873
0.0,0.013785187188281929
0.0,0.028353605964616075
0.0,0.061212027514797276
0.0,0.020816788457779893
0.0,0.05417379444109864
0.0,0.01024337209456581
0.0,0.07780509797787617
0.0,-0.011863378883561284
0.0,0.052149900101832285
0.0,-0.0290218410010701
0.0,0.04152445482068394
0.0,0.047596137838482995
0.0,0.05761079435146785
0.0,0.08635462000182391
0.0,0.04046047873311649
0.0,0.032461570060240516
0.0,0.030377500303882428
0.0,0.06119724921143913
0.0,0.028301577046681806
0.0,0.02283992544956786
0.0,0.08691262250457477
0.0,0.06064663586036738
0.0,0.06115260944518396
0.0,0.03184339214039792
0.0,0.022848071948725346
0.0,0.041970252988408785
0.0,0.07324394656284781
0.0,0.04804193600620785
0.0,0.03903922666285616
0.0,0.08792456967420795
0.0,0.07831107156269276
0.0,0.042476226573225376
0.0,0.09709151227051988
0.0,0.07628717722342641
0.0,0.05872755670444793
0.0,0.02728962987704863
0.0,0.04348817374285855
0.0,0.05366782085628205
0.0,0.009737398509749223
0.0,0.061658583030000554
0.0,0.02133015119427558
0.0,0.0011804873341224077
0.0,-0.003879248514043473
0.0,0.05569171519554841
0.0,0.06722429246298302
0.0,0.027907807796891226
0.0,0.09051385566790422
0.0,0.03847307766094784
0.0,0.05923353028926452
0.0,0.01784036501849372
0.0,0.008673422422181777
0.0,0.007661475252548601
0.0,-0.010456905116659119
0.0,0.061658583030000554
0.0,0.04359298892620546
0.0,0.02633785812450719
0.0,0.053161847271465466
0.0,0.018852312188126896
0.0,0.03234936572521451
0.0,0.04112253907173586
0.0,0.061658583030000554
0.0,0.030831444970764746
0.0,0.05113795293219911
0.0,0.0334735172298737
0.0,0.0007413209705982512
0.0,0.014797134357915104
0.0,0.0066495280829154246
0.0,0.040051173832489344
0.0,0.02678365629223204
0.0,0.03650935873877322
0.0,0.027393687712917152
0.0,0.09658553868570327
0.0,0.052543669351622864
0.0,0.06267053019963373
0.0,0.055185741610731816
0.0,0.025377939872808286
0.0,0.008673422422181777
0.0,0.04101848123586735
0.0,0.03539259638579314
0.0,0.05563153977845666
0.0,0.00011651124655496364
0.0,-0.0018553541747771199
0.0,0.025369793373650803
0.0,0.04444809199455746
0.0,-0.008485039695327035
0.0,0.024811790870899957
0.0,0.03195559647542393
0.0,0.03853325307803958
0.0,0.0369031279885638
0.0,0.0313894474735156
0.0,0.035385207234114036
0.0,0.025823738040533135
0.0,0.007258802156122155
0.0,0.025265735537782275
0.0,0.054679768025915225
0.0,0.04854790959102443
0.0,-0.003425303847161155
0.0,0.045066269914400055
0.0,0.030437675720974167
0.0,0.030377500303882428
0.0,0.015303107942731691
0.0,0.08195694449227739
0.0,0.07982899231714252
0.0,-0.0044372510167943295
0.0,0.029871526719065837
0.0,0.09298430552237383
0.0,-0.0033732749292268854
0.0,0.04101033473670987
0.0,0.02689586062725805
0.0,0.08640664891975817
0.0,0.045066269914400055
0.0,0.05822158311963135
0.0,0.07932301873232595
1.0,0.04854790959102443
0.0,0.027907807796891226
0.0,0.0774031822289281
0.0,0.022892711714980515
0.0,0.06014066227555079
0.0,0.07831107156269276
0.0,-0.0033732749292268854
0.0,0.027795603461865215
1.0,0.03397873346721189
0.0,0.03950056048141758
0.0,0.06570637170853326
1.0,0.10052926952836747
0.0,0.04911405859293276
0.0,0.018851554840648512
0.0,-0.008485039695327035
0.0,0.05923353028926452
0.0,0.0707734967083782
0.0,0.04045233223395902
0.0,0.04658419066884982
0.0,0.02740183421207464
0.0,0.052045084918485376
0.0,0.020824177609458993
0.0,0.05822158311963135
0.0,0.009737398509749223
0.0,0.07881704514750935
0.0,0.029425728551340992
0.0,0.07729912439305958
0.0,0.05512556619364008
0.0,0.038934411479509254
0.0,0.01884492303644781
0.0,0.04658419066884982
0.0,0.03499806978852416
0.0,0.014797134357915104
0.0,0.023799843701266782
0.0,-0.008991013280143624
0.0,0.08939046151072344
0.0,0.0682362396326162
0.0,0.06267053019963373
0.0,0.04461232524751772
0.0,0.04197839948756625
0.0,0.0424241976552911
0.0,0.05417379444109864
0.0,0.07982899231714252
0.0,0.047989907088273574
0.0,0.0516439265170157
0.0,0.015303107942731691
0.0,0.06115260944518396
1.0,0.0808409394867757
0.0,-0.012369352468377871
0.0,0.07279000189596549
0.0,0.00816744883736519
0.0,0.07932301873232595
0.0,0.04557224349921664
0.0,0.04860808500811617
0.0,0.024811790870899957
0.0,0.07284941996557881
0.0,0.08033496590195911
0.0,0.0541136190240069
0.0,0.02386001911835852
0.0,0.04647198633382381
0.0,0.04191822407047452
0.0,0.0032110134775894493
0.0,0.029425728551340992
0.0,0.008330924742847072
0.0,0.02931352421631498
0.0,0.04860808500811617
0.0,0.014291160773098516
0.0,0.05456756369088922
0.0,0.0960795651008867
0.0,0.046524015251758075
0.0,0.07780509797787617
0.0,0.0691961578843151
0.0,0.09759748585533645
0.0,0.07689720864411151
1.0,0.017832975866814635
0.0,-0.010456905116659119
0.0,0.04106312100212252
0.0,0.07831107156269276
0.0,0.0313894474735156
0.0,0.05923353028926452
0.0,0.05360764543919031
0.0,0.0737499201476644
0.0,0.03651599054297393
0.0,-0.0019073830927113893
0.0,-0.0018553541747771199
0.0,-0.011357405298744697
0.0,0.06014066227555079
0.0,0.02638988704244146
0.0,0.05153172218198969
0.0,0.06773765519947866
0.0,-0.007979066110510448
0.0,0.00771350417048287
0.0,0.00771350417048287
0.0,0.03909864473246951
0.0,0.09748603886778884
0.0,0.05609287359701808
0.0,0.05366782085628205
0.0,0.0516439265170157
0.0,0.00922403577325355
0.0,0.0424241976552911
0.0,0.03341334181278195
0.0,0.037580723978019745
0.0,0.10209921920075149
0.0,0.0455120680821249
0.0,0.04607821708403323
0.0,0.11115471480951583
0.0,0.030831444970764746
1.0,0.07790915581374469
0.0,0.11115471480951583
0.0,0.06226937179816405
0.0,0.05366782085628205
0.0,0.0399909984153976
0.0,0.054679768025915225
0.0,0.06125742462853087
0.0,0.08387678099567523
0.0,0.05619768878036499
0.0,0.041970252988408785
0.0,0.004722302427838526
0.0,0.028859579549432662
0.0,0.05720963594999817
0.0,0.05710482076665126
0.0,0.038934411479509254
0.0,0.09450222627682359
0.0,0.017780946948880362
0.0,0.03189542105833219
0.0,0.09911540660978621
0.0,0.055185741610731816
0.0,0.05366782085628205
0.0,0.030943649305790754
0.0,0.08235886024122546
0.0,0.0006819029009848925
0.0,0.055185741610731816
0.0,0.06520039812371667
0.0,0.07177805472633231
0.0,0.05417379444109864
0.0,0.08792456967420795
0.0,0.0344334354815726
0.0,0.09247833193755722
0.0,0.10761289971579971
0.0,0.05872755670444793
0.0,0.05366782085628205
0.0,0.08094499732264421
1.0,0.10457705820690018
0.0,0.03144962289060735
0.0,0.027855778878956957
0.0,0.05822158311963135
0.0,0.040444943082279916
0.0,0.08994846401347428
0.0,0.045066269914400055
0.0,0.08448681241636033
0.0,0.027907807796891226
0.0,0.057715609534814756
0.0,0.11014276763988265
0.0,0.04601804166694149
0.0,0.046524015251758075
0.0,0.04348817374285855
0.0,0.047596137838482995
0.0,0.05720963594999817
0.0,0.047596137838482995
0.0,0.007155501667732014
0.0,0.055185741610731816
0.0,0.06970213146913169
0.0,0.04298220015804196
0.0,0.023405317103997805
0.0,0.007155501667732014
0.0,0.07330336463246113
0.0,0.033421488311939425
0.0,0.07841512939856127
0.0,0.04302683992429713
0.0,0.0823068313232912
0.0,0.05209787118389802
0.0,-0.008433010777392766
0.0,0.02593594237555913
0.0,0.08792456967420795
1.0,0.07831107156269276
0.0,0.028353605964616075
0.0,0.08893651684384112
0.0,0.05417379444109864
0.0,0.052089724684740546
0.0,0.017832975866814635
0.0,0.004216328843021935
0.0,-0.0033732749292268854
0.0,0.04359223157872706
0.0,0.023799843701266782
0.0,0.057715609534814756
0.0,0.07982899231714252
0.0,0.08483669924737414
0.0,0.07335539355039539
0.0,0.02086881737571416
0.0,0.013785187188281929
0.0,0.0868605935866405
0.0,0.05720963594999817
0.0,0.04647198633382381
1.0,0.04151630832152645
0.0,0.061256667281052474
0.0,0.02931352421631498
0.0,0.08089296840470997
0.0,0.08033496590195911
0.0,0.02936555313424925
0.0,0.04911405859293276
0.0,0.007207530585666283
0.0,0.05265511633917048
0.0,0.004781720497451854
0.0,0.04810211142329958
0.0,0.05417379444109864
0.0,0.04607821708403323
0.0,0.03696330340565554
0.0,0.052655873686648876
0.0,0.06075145104371429
0.0,0.03802727949322299
0.0,0.0233986852997971
0.0,0.012721211100714482
0.0,0.041464279403592194
1.0,0.06014066227555079
0.0,0.06216455661481714
0.0,0.04860808500811617
0.0,0.03903922666285616
0.0,0.09247833193755722
0.0,0.02728962987704863
0.0,0.007155501667732014
0.0,0.04191822407047452
1.0,0.08235886024122546
0.0,0.050631979347382526
0.0,0.0975454569374022
0.0,0.049567245912336695
0.0,0.02740183421207464
0.0,0.013279213603465342
0.0,0.07780509797787617
0.0,0.07881704514750935
0.0,0.043994147327675134
0.0,0.014797134357915104
0.0,0.015303107942731691
0.0,0.030377500303882428
0.0,0.034425288982415134
0.0,0.03352554614780795
0.0,0.026277682707415453
0.0,0.0021990663079562746
0.0,0.025771709122598865
0.0,0.04410635166270113
0.0,0.04460493609583863
0.0,0.0424241976552911
0.0,0.05366782085628205
1.0,0.041517065669004836
0.0,0.05356300567293514
0.0,0.08387678099567523
0.0,0.04444809199455746
0.0,0.047596137838482995
0.0,0.05609287359701808
0.0,0.07729912439305958
1.0,0.08185288665640889
0.0,0.04191822407047452
0.0,0.05153172218198969
0.0,0.05958265977279993
0.0,0.010288011860820998
0.0,0.050519775012356515
0.0,0.030831444970764746
0.0,0.06418845095408349
0.0,0.07982899231714252
0.0,0.03803391129742369
0.0,0.06064663586036738
0.0,0.01024337209456581
0.0,0.05417379444109864
0.0,0.05614490251495234
0.0,0.04360037807788455
0.0,0.010749345679382398
0.0,0.03650935873877322
0.0,0.00771350417048287
0.0,0.03145625469480805
0.0,0.007155501667732014
0.0,0.02137479096053075
0.0,0.032855339310031095
0.0,0.10215124811868576
0.0,0.06925557595392844
0.0,0.07020810505394828
0.0,0.039485024830581014
0.0,0.08286483382604205
0.0,0.053109818353531194
0.0,0.08893651684384112
0.0,0.0006745137493058204
0.0,0.04141225048565793
0.0,0.028301577046681806
0.0,0.032461570060240516
1.0,0.08792456967420795
0.0,0.10153382754632155
0.0,0.011761292849015576
0.0,0.04854790959102443
0.0,0.11166068839433241
0.0,0.0424241976552911
0.0,0.07285017731305722
0.0,0.07183747279594563
0.0,0.012773240018648751
0.0,0.06525242704165093
0.0,-0.00494322460161092
0.0,0.0516439265170157
0.0,0.05365967435712457
0.0,0.09045443759829089
1.0,0.07031955204149587
0.0,0.02936555313424925
0.0,0.014797134357915104
0.0,0.04557224349921664
0.0,0.05569171519554841
0.0,0.01024337209456581
0.0,0.022796043030791076
0.0,0.08235886024122546
0.0,0.07729912439305958
0.0,0.04709016425366641
0.0,0.07729912439305958
0.0,0.025377939872808286
0.0,0.07729173524138051
0.0,-0.0008434070051439452
0.0,0.05670366236518158
0.0,0.07790915581374469
0.0,0.04051250765105076
0.0,0.04456029632958347
0.0,0.04152445482068394
0.0,0.04557224349921664
0.0,0.0774031822289281
1.0,0.05113719558472071
0.0,0.027907807796891226
0.0,0.06464239562096581
0.0,0.031493505309384114
0.0,0.02728962987704863
0.0,0.03594320973686489
0.0,0.06277534538298063
0.0,0.04911405859293276
0.0,0.04709016425366641
0.0,0.054626981760502576
0.0,0.036955156906498074
0.0,0.04191822407047452
0.0,0.008212088603620372
0.0,0.009788670080205095
0.0,0.000168540164489233
0.0,0.04141225048565793
0.0,0.07729912439305958
0.0,0.07386136713521199
0.0,0.01631505511236487
0.0,0.026441158612897333
0.0,0.050631979347382526
0.0,0.033421488311939425
1.0,0.0475953804910046
0.0,0.0808409394867757
0.0,0.052089724684740546
0.0,0.02678365629223204
0.0,0.09096041118310746
0.0,0.042536401990317114
0.0,0.08444217265010516
0.0,0.04101848123586735
0.0,0.04607821708403323
0.0,0.06981357845667928
0.0,0.07527523005379323
0.0,0.030943649305790754
0.0,0.02133015119427558
0.0,0.022848071948725346
1.0,0.08843054325902452
0.0,0.04405432274476688
0.0,0.00816744883736519
0.0,0.04911405859293276
0.0,0.09304372359198716
0.0,0.02087620652739325
0.0,0.07639123505929493
0.0,0.04050436115189328
0.0,0.05417379444109864
0.0,0.028859579549432662
0.0,0.028301577046681806
1.0,0.0682956577022295
0.0,0.06374265278635863
0.0,0.07831107156269276
0.0,0.05710482076665126
0.0,0.06014066227555079
0.0,0.02481993737005743
0.0,0.041464279403592194
0.0,0.0469779599186404
0.0,0.04191822407047452
0.0,0.04601065251526239
0.0,0.05670366236518158
0.0,0.05417379444109864
0.0,0.042930171240107694
1.0,0.026947889545192304
0.0,-0.004891195683676651
0.0,0.009848845497296834
0.0,0.008673422422181777
0.0,0.08438275458049183
0.0,0.012877297854517265
0.0,0.044544760678746895
0.0,0.029417582052183505
0.0,0.03234936572521451
0.0,-0.005449198186427508
0.0,0.054679768025915225
0.0,0.02936555313424925
0.0,0.030883473888699015
0.0,0.029975584554934348
0.0,0.05259569826955714
0.0,-0.0019073830927113893
0.0,0.02936555313424925
0.0,0.01591313936341679
0.0,-0.007421063607759591
0.0,0.03144147639144986
0.0,0.025317764455716547
0.0,0.06880977778620359
0.0,0.008271506673233713
0.0,0.05670366236518158
0.0,0.05973874652660271
0.0,-0.00438522209886006
0.0,0.04915869835918793
0.0,0.07487331430484516
0.0,0.023912048036292776
0.0,0.026381740543283978
0.0,0.09596811811333908
0.0,0.019856870206080984
0.0,-0.005397169268493238
0.0,0.002140405585821313
0.0,0.04859993850895868
0.0,0.04343614482492428
0.0,0.07588526147447833
0.0,0.052089724684740546
0.0,0.042014892754663954
0.0,0.09500819986164016
0.0,-0.005449198186427508
0.0,-0.0069671189408772715
0.0,0.04258028440909389
0.0,0.01833894945163122
0.0,0.037915075158196976
0.0,0.014745105439980834
0.0,0.022394127281843014
0.0,0.028457663800484582
0.0,0.05866738128735619
0.0,0.008673422422181777
0.0,0.08736656717145708
0.0,0.05614490251495234
0.0,0.0774031822289281
0.0,-0.0019073830927113893
0.0,0.02993170213615758
0.0,0.03032547138594816
0.0,0.06418845095408349
0.0,0.0848887281653084
0.0,0.02734980529414037
0.0,0.028413781381707814
0.0,0.019306256855009227
0.0,0.06424862637117522
0.0,0.025883913457624873
0.0,0.05609287359701808
0.0,0.0334735172298737
0.0,0.009737398509749223
0.0,0.07133149921112905
0.0,0.09197235835274065
0.0,0.029938333940358282
0.0,0.028413781381707814
0.0,0.04596601274900722
0.0,0.07335539355039539
0.0,0.04191822407047452
0.0,0.05912871510591761
0.0,0.010749345679382398
0.0,0.09253775000717057
0.0,0.03386728647966428
0.0,0.02386001911835852
0.0,-0.0003374334203273578
0.0,0.03296754364505711
0.0,0.030377500303882428
0.0,-0.003879248514043473
0.0,-0.0033732749292268854
0.0,-0.002867301344410298
0.0,0.037521305908406404
0.0,0.06317650378445032
0.0,0.041464279403592194
0.0,0.027907807796891226
0.0,0.06778968411741293
0.0,0.0934902791071904
0.0,0.025823738040533135
0.0,0.02931352421631498
0.0,0.047029988836574665
0.0,0.032461570060240516
0.0,0.029871526719065837
0.0,0.007765533088417126
0.0,-0.006409116438126413
0.0,0.052655873686648876
0.0,-0.003931277431977742
0.0,0.03903922666285616
0.0,0.03651674789045231
0.0,0.04444809199455746
1.0,0.08939046151072344
0.0,0.07689720864411151
0.0,0.013785187188281929
0.0,0.08539470175012501
0.0,0.05973874652660271
0.0,0.09247833193755722
0.0,0.002192434503755586
0.0,0.054121008175685985
0.0,0.08387678099567523
1.0,0.04612209950281
0.0,0.07780509797787617
0.0,-0.005955171771244095
0.0,0.04343614482492428
0.0,0.030437675720974167
0.0,-0.008991013280143624
0.0,0.09500819986164016
0.0,0.0682362396326162
0.0,0.047029988836574665
0.0,-0.007473092525693859
0.0,0.030437675720974167
0.0,0.042581041756572284
0.0,0.07689796599158992
0.0,0.03543723615204831
0.0,0.0011804873341224077
0.0,0.028301577046681806
0.0,0.0455120680821249
0.0,0.06115260944518396
0.0,0.0233986852997971
0.0,0.009685369591814954
0.0,0.015303107942731691
0.0,0.04354834915995029
0.0,0.026277682707415453
0.0,0.007318977573213894
0.0,0.06570637170853326
0.0,0.004677662661583343
0.0,0.036955156906498074
0.0,0.029871526719065837
0.0,0.08792456967420795
0.0,0.08590067533494158
0.0,0.025823738040533135
0.0,-0.003425303847161155
0.0,0.03189542105833219
0.0,0.052543669351622864
0.0,0.03397873346721189
0.0,-0.01085143171392811
0.0,0.09506761793125351
0.0,0.032453423561083036
0.0,0.08438275458049183
0.0,0.03341334181278195
0.0,0.0313894474735156
0.0,0.07229141746282797
0.0,0.02936555313424925
0.0,0.0516439265170157
0.0,0.03234936572521451
0.0,0.047029988836574665
0.0,0.059232772941786124
0.0,0.038987197744921896
0.0,-0.006915090022943
0.0,0.08185288665640889
0.0,0.07279000189596549
0.0,0.03448546439950687
0.0,0.02441063246943028
0.0,0.010697316761448129
0.0,0.04151630832152645
0.0,0.010749345679382398
0.0,0.11363255381566449
0.0,-0.029527814585886686
0.0,0.050631979347382526
0.0,0.05563892893013575
0.0,0.07639199240677333
1.0,0.07588526147447833
0.0,0.02431396378524084
0.0,0.028807550631498393
0.0,0.050564414778611684
0.0,0.03903922666285616
0.0,-0.007473092525693859
0.0,0.05665087609976893
0.0,0.08094499732264421
0.0,0.08033496590195911
0.0,0.04709016425366641
0.0,0.007155501667732014
0.0,0.07841512939856127
0.0,0.030943649305790754
0.0,0.028807550631498393
0.0,0.011761292849015576
0.0,0.024811790870899957
0.0,0.0032110134775894493
1.0,0.08640664891975817
0.0,0.05366782085628205
0.0,-0.00494322460161092
0.0,0.06318465028360777
0.0,0.07325133571452688
0.0,0.08539470175012501
0.0,0.07628717722342641
1.0,0.10052926952836747
0.0,0.0848887281653084
0.0,0.06064663586036738
0.0,0.0424241976552911
0.0,0.007155501667732014
0.0,0.06717226354504875
0.0,0.08691262250457477
0.0,0.0516439265170157
0.0,0.03397949081469028
0.0,0.0894424904286577
0.0,0.046524015251758075
0.0,0.06637657854631009
0.0,0.02689586062725805
0.0,0.042930171240107694
0.0,0.028413781381707814
0.0,0.08994846401347428
0.0,0.05310167185437372
0.0,0.09045443759829089
0.0,0.008673422422181777
0.0,0.047596137838482995
0.0,0.06469442453890008
1.0,0.010749345679382398
0.0,0.029425728551340992
0.0,0.04252086633948054
0.0,0.08539470175012501
0.0,-0.006409116438126413
0.0,0.007155501667732014
0.0,0.07831107156269276
0.0,0.010191343176631541
0.0,0.017832975866814635
0.0,-0.004891195683676651
0.0,0.012773240018648751
0.0,0.034425288982415134
0.0,0.052149900101832285
0.0,0.009788670080205095
0.0,0.052655873686648876
0.0,0.06328056162031884
0.0,0.05310167185437372
0.0,-0.003879248514043473
0.0,0.06267053019963373
0.0,0.04449273176081262
0.0,0.0056896098312165175
0.0,0.02993170213615758
0.0,0.045006094497308316
0.0,0.04298220015804196
0.0,0.02728962987704863
0.0,0.03144962289060735
0.0,0.043994147327675134
0.0,0.04354834915995029
0.0,0.03386728647966428
0.0,0.03950056048141758
0.0,0.0808409394867757
0.0,0.07628717722342641
0.0,0.02229006944597449
1.0,0.07527523005379323
0.0,0.04810211142329958
0.0,0.016821028697181457
0.0,0.08691262250457477
0.0,0.06570637170853326
0.0,0.060245477458897696
0.0,0.04805008250536531
0.0,0.08438275458049183
0.0,0.08893651684384112
0.0,0.08792456967420795
0.0,0.09203253376983239
0.0,0.04860808500811617
1.0,0.08893651684384112
0.0,0.027907807796891226
0.0,0.030831444970764746
0.0,0.04607821708403323
0.0,-0.00028540450239310233
0.0,0.04298220015804196
0.0,0.0848887281653084
0.0,0.03499806978852416
0.0,0.06924818680224937
0.0,0.04050436115189328
0.0,0.04100294558503078
0.0,0.004722302427838526
0.0,0.03847307766094784
0.0,0.061256667281052474
0.0,0.044038787093930304
0.0,0.03701533232358981
0.0,0.01024337209456581
1.0,0.07436734072002857
0.0,0.04601804166694149
0.0,0.08640664891975817
0.0,0.047029988836574665
0.0,0.09096041118310746
0.0,0.08893651684384112
0.0,0.04860808500811617
0.0,0.04658419066884982
0.0,0.021828735627413068
0.0,-0.003879248514043473
0.0,0.05771485218733636
0.0,0.03391931539759854
0.0,0.05720963594999817
0.0,0.08590067533494158
0.0,0.025317764455716547
0.0,0.0955735915160701
0.0,0.0894424904286577
0.0,0.03796710407613125
0.0,0.08235886024122546
0.0,0.0248719662879917
0.0,0.06621234529334985
0.0,0.050126005762565935
0.0,0.060245477458897696
0.0,0.10113930094905257
0.0,0.09658553868570327
1.0,0.10002329594355089
0.0,0.05113795293219911
0.0,0.07329597548078208
0.0,0.032401394643148784
0.0,0.07689720864411151
0.0,0.08640664891975817
1.0,0.0682362396326162
0.0,-0.008991013280143624
0.0,0.04865196742689294
0.0,0.025823738040533135
0.0,0.06418845095408349
1.0,0.050631979347382526
0.0,0.03746113049131466
0.0,0.05366782085628205
0.0,0.09045443759829089
0.0,-0.006915090022943
0.0,0.028859579549432662
0.0,0.06018530204180596
0.0,0.0354446253037274
0.0,0.06216455661481714
0.0,0.014797134357915104
0.0,0.006240223182288292
0.0,0.02436599270317511
0.0,0.028413781381707814
0.0,0.0894424904286577
0.0,0.06267053019963373
1.0,0.06975416038706597
0.0,0.030437675720974167
0.0,0.0399909984153976
0.0,0.07335539355039539
1.0,0.08438275458049183
0.0,0.007155501667732014
0.0,0.03386728647966428
0.0,0.0662643742112841
1.0,0.08539470175012501
0.0,0.024409875121951884
0.0,0.025377939872808286
0.0,0.10456966905522108
1.0,0.10761289971579971
0.0,0.09197235835274065
0.0,0.06418845095408349
0.0,0.09197235835274065
0.0,0.06469442453890008
0.0,0.026329711625349722
0.0,0.04160680826292931
0.0,0.026071082083217158
0.0,0.00937395378426975
0.0,0.05330437613080258
0.0,0.04576680127648802
0.0,0.04126506793107299
0.0,0.03259595242042017
0.0,0.024099216661885074
0.0,0.020058817135031458
0.0,-0.0036846907367720887
0.0,-0.010314376257322004
0.0,0.023548603310813317
0.0,0.10224174806008862
0.0,0.02753621657225428
0.0,0.015095749971054999
0.0,0.08963704820592909
0.0,0.06241114331002278
0.0,0.018533507228902603
0.0,0.07399650684287006
0.0,0.06893677099470416
0.0,0.056339460292223725
0.0,0.07901160292478074
0.0,0.10375966881453838
0.0,0.0845773123577632
0.0,0.03958291392366296
0.0,0.04469467868976311
0.0,-0.006266587578789298
0.0,0.015497665720003079
0.0,0.009879927369086338
0.0,0.06290972774316028
0.0,-0.005202611491221854
0.0,0.0406395008595513
0.0,0.0144857185503699
0.0,-0.000648849227872561
1.0,0.09014302179074568
0.0,0.027030242987437694
0.0,0.03158400525078699
0.0,-0.005254640409156124
0.0,0.017015586474452844
0.0,0.09374425495407514
0.0,0.005422833789926494
0.0,0.018480720963489954
0.0,0.04418870510494652
0.0,0.020452586384822048
0.0,0.03709768576583519
0.0,0.019545454398535785
0.0,0.027030242987437694
0.0,0.027030242987437694
0.0,0.0850832859425798
0.0,0.02557249765007967
0.0,0.04008888750847955
1.0,0.04171086609879784
0.0,0.07557384566693313
0.0,0.10117777197252117
0.0,0.0351258203445031
0.0,0.00942598270220402
0.0,0.09115496896037885
0.0,0.053862378633553434
1.0,0.046272774861304614
0.0,0.08660120669702956
0.0,0.10173577447527203
0.0,0.017528949210948518
1.0,0.042224986182771915
0.0,0.041719012597955324
0.0,0.04829666920057097
0.0,0.006390141193304492
0.0,0.03963494284159723
0.0,0.007856033029819985
0.0,0.03958291392366296
0.0,0.02911431274379579
0.0,0.0850832859425798
0.0,0.04110083467811272
0.0,0.07799965575514756
0.0,0.04110083467811272
0.0,-0.005254640409156124
0.0,0.03208997883560358
0.0,0.0845773123577632
0.0,0.08098346834611282
0.0,0.05588627297281979
0.0,0.048802642785387554
1.0,0.0850832859425798
0.0,0.03867502458989831
0.0,0.01697094670819767
0.0,0.011449877041470373
0.0,0.022030682556363555
0.0,0.04165883718086358
1.0,0.05577406863779378
0.0,0.04059486109329614
0.0,0.02658444481971285
0.0,0.024954319730237075
0.0,0.031644180667878725
0.0,-0.003625272667158761
0.0,0.08356536518813003
0.0,0.030126259913428963
0.0,0.06691287665543783
0.0,0.023994401478538166
0.0,0.04059486109329614
0.0,0.007908061947754255
0.0,0.06286508797690511
0.0,0.029620286328612376
0.0,0.06843079740988758
0.0,0.00194782591750281
0.0,0.09425022853889173
0.0,0.0719279727373485
0.0,0.023600632228747573
0.0,0.030126259913428963
0.0,0.04322139770156851
0.0,0.03968697175953148
0.0,0.00997659605327579
0.0,-0.004138635403654424
0.0,-0.010262347339387735
0.0,0.07906363184271499
0.0,0.08316344943918196
0.0,0.08609523311221297
0.0,0.02748418765432001
0.0,0.05285043146392026
0.0,0.03868317108905579
0.0,0.06995610731601641
0.0,0.021018735386730377
0.0,0.023034483226839247
0.0,0.04418870510494652
0.0,0.013012437562175322
0.0,0.04374290693722167
0.0,0.08710718028184614
0.0,-0.009756373754571147
0.0,0.09576814929334149
0.0,0.03958291392366296
0.0,0.006390141193304492
0.0,0.005832138690553634
0.0,0.08660120669702956
0.0,0.08154147084886368
0.0,0.0850832859425798
0.0,0.03017089967968413
0.0,0.061845751655592834
0.0,0.03517784926243736
0.0,0.00942598270220402
0.0,0.08012760793028242
0.0,0.08255341801849686
0.0,0.08255341801849686
0.0,0.049702385619994724
0.0,0.02051276180191379
0.0,0.00689611477812108
0.0,0.014991692135186488
0.0,-0.005202611491221854
0.0,0.017015586474452844
1.0,0.03208997883560358
0.0,-0.0072785347484224765
0.0,0.04773052019866264
0.0,0.03304989708730248
0.0,0.008920009117387433
0.0,0.08407133877294662
0.0,0.04121303901313873
0.0,0.03569196934641143
0.0,0.05482229688525234
0.0,0.04227625775322778
0.0,-0.016222583369639193
0.0,0.013473771380736726
0.0,0.054315565952957376
0.0,0.08305939160331344
0.0,0.05235108968330435
0.0,0.019039480813719194
0.0,0.026472240484686837
0.0,0.017015586474452844
0.0,0.00796009086568851
0.0,0.03811702208714746
0.0,-0.0020999627610298957
0.0,0.08407133877294662
0.0,0.053862378633553434
0.0,0.05841614089690273
0.0,0.06994871816433734
0.0,0.10426564239935497
0.0,0.00997659605327579
0.0,0.04165883718086358
0.0,0.02658444481971285
0.0,0.03907694033884637
0.0,0.036763334585657954
0.0,0.06438300873135488
0.0,0.051332510709470494
0.0,0.006338112275370221
0.0,0.01949266813312313
0.0,0.05729937854392264
0.0,0.06950216264913407
0.0,0.05026038812274558
0.0,0.05234445787910367
0.0,0.007856033029819985
0.0,0.03665113025063196
0.0,0.010437929871837195
0.0,0.03822183727049437
0.0,0.0811395550999156
0.0,0.03917360902303581
0.0,0.03709768576583519
0.0,0.0094706224684592
0.0,0.08462934127569746
0.0,0.06438300873135488
0.0,0.08862510103629591
0.0,0.07557384566693313
0.0,0.0224764807240884
0.0,0.02404643039647242
0.0,-0.006214558660855029
0.0,0.003911544839677421
0.0,0.017521560059269428
0.0,0.05588551562534139
0.0,0.002840936947909288
0.0,0.024448346145420484
0.0,-0.00874442658493797
0.0,0.0507143327896279
0.0,0.013525800298670981
0.0,0.00491686020510991
0.0,0.014433689632435631
0.0,0.029560110911520634
0.0,-0.0012068517306234178
0.0,-0.00014287564305597023
0.0,0.008867980199453163
0.0,0.03158400525078699
0.0,0.057857381046673484
0.0,0.08660120669702956
0.0,-0.010262347339387735
0.0,0.08609523311221297
0.0,0.0850832859425798
0.0,0.03158400525078699
0.0,0.04722454661384605
0.0,0.0850832859425798
0.0,0.026472240484686837
0.0,0.0952621757085249
0.0,0.01195585062628696
0.0,0.056898220142452965
1.0,0.08710718028184614
0.0,0.029560110911520634
1.0,0.09464475513616069
0.0,0.05285043146392026
0.0,0.07799965575514756
0.0,0.04976256103708646
0.0,0.005326165105737045
0.0,0.05791016731208614
0.0,0.04418870510494652
0.0,0.02612311100115143
0.0,0.03209812533476104
0.0,0.06185314080727194
0.0,0.053862378633553434
1.0,0.06488898231617146
0.0,0.04379493585515593
0.0,0.006338112275370221
0.0,0.029054137326704046
0.0,0.05679340495910606
0.0,0.08710718028184614
0.0,0.06343047963133502
0.0,0.07506862942959495
0.0,0.05588627297281979
0.0,0.04328896227033934
0.0,0.04773052019866264
0.0,0.008964648883642616
0.0,0.09627412287815808
0.0,0.06438300873135488
0.0,0.07040266283121967
0.0,0.06843079740988758
0.0,0.09216691613001203
0.0,0.027544363071411754
0.0,-0.0027247724850731833
0.0,0.019998641717939716
0.0,0.07355070867514518
0.0,0.0492484409531124
0.0,0.04981458995502073
0.0,0.06235911439208852
1.0,0.06331903264378744
0.0,0.03113744973558374
1.0,0.053862378633553434
0.0,0.034181437743640755
0.0,0.03816905100508172
0.0,0.06893677099470416
0.0,0.0845773123577632
0.0,0.03665113025063196
0.0,0.04216481076568017
0.0,0.07607981925174973
0.0,0.05128048179153623
0.0,0.09768059664506024
0.0,0.005378194023671314
0.0,0.008972038035321685
0.0,0.09678009646297467
0.0,0.05578145778947288
0.0,0.027596391989346023
0.0,0.04059486109329614
0.0,0.08154147084886368
0.0,0.020966706468796108
0.0,0.004314217936103868
0.0,0.03664374109895287
0.0,0.02546029331505366
0.0,0.012461824211103548
0.0,0.025066524065263083
0.0,0.04170347694711875
0.0,0.1047195870662373
0.0,0.05588627297281979
0.0,0.013979744965553313
0.0,0.056898220142452965
0.0,0.04728472203093779
1.0,0.08963704820592909
0.0,0.053862378633553434
0.0,0.05588627297281979
0.0,0.048749856519974905
0.0,0.010943903456653786
0.0,0.07344589349179827
0.0,0.051838484294287085
0.0,0.03907694033884637
0.0,0.03822183727049437
0.0,0.016003639304819663
1.0,0.04267078435049676
0.0,0.03468002217677826
0.0,0.09020243986035902
0.0,0.08407133877294662
0.0,0.07901160292478074
0.0,0.080030939246093
0.0,0.026078471234896258
0.0,0.05032056353983732
0.0,0.05234445787910367
0.0,0.03714971468376946
0.0,0.09064899537556226
0.0,0.03811702208714746
0.0,0.06950216264913407
1.0,0.06590092948580464
0.0,0.06539495590098805
0.0,-0.006266587578789298
0.0,0.04413667618701225
0.0,0.0850832859425798
0.0,0.08407133877294662
0.0,0.04160680826292931
0.0,0.09425022853889173
0.0,-0.0072785347484224765
0.0,0.03366807500714508
0.0,0.027990161239136602
0.0,0.010891874538719516
0.0,0.08002355009441392
0.0,0.019046112617919896
0.0,0.03715710383544854
0.0,0.0805295236792305
0.0,0.005326165105737045
0.0,0.020504615302756303
0.0,0.03102600274803613
0.0,0.03158400525078699
0.0,0.06033522005282217
0.0,0.029002108408769777
0.0,0.0391809981747149
0.0,0.05987388623426075
0.0,0.060283191134887906
0.0,0.013986376769754016
0.0,0.08660120669702956
0.0,0.05841614089690273
0.0,0.07709176642138289
0.0,0.08710718028184614
0.0,0.028042190157070872
0.0,0.03113820708306214
0.0,0.09267288971482862
0.0,0.07152605698840042
0.0,0.0553802993880032
0.0,0.02551232223298793
0.0,0.08407133877294662
0.0,0.08761315386666274
0.0,0.09064899537556226
0.0,0.02748418765432001
0.0,0.046212599444212875
0.0,0.026524269402621106
0.0,0.024500375063354753
0.0,0.07850562933996415
0.0,0.08609523311221297
0.0,0.029002108408769777
1.0,0.08305939160331344
0.0,0.054874325803186616
0.0,0.04779069561575438
0.0,0.020564033372369662
0.0,0.03113820708306214
0.0,0.03569196934641143
0.0,0.06129513830452108
0.0,0.03102600274803613
0.0,0.04373476043806419
0.0,0.1133211380081193
0.0,0.03468002217677826
0.0,0.04216481076568017
0.0,0.00689611477812108
0.0,0.0034055712548608334
0.0,0.08963704820592909
0.0,0.034165902092804186
0.0,0.016509612889636253
0.0,0.0461605705262786
0.0,0.07557384566693313
0.0,0.05032056353983732
0.0,0.02304262972599673
0.0,0.09166094254519544
0.0,0.008972038035321685
0.0,0.024448346145420484
0.0,0.036145156665815366
0.0,0.05335640504873685
0.0,0.07810371359101607
0.0,0.018533507228902603
0.0,0.10477161598417156
0.0,-0.007226505830488207
0.0,0.09768059664506024
0.0,0.08215150226954877
0.0,0.06286508797690511
0.0,0.03569196934641143
0.0,0.02202253605720607
0.0,0.043176757935313344
0.0,0.03867502458989831
0.0,0.03726930817047454
0.0,0.03761104850233088
1.0,0.09115496896037885
0.0,0.03613776751413628
1.0,0.044300909439972516
0.0,0.06640690307062122
1.0,0.06286508797690511
0.0,0.06438300873135488
0.0,0.06534292698305379
0.0,0.04829666920057097
0.0,0.036703916516044606
0.0,0.05881729929837241
0.0,0.005422833789926494
0.0,0.0638770351465383
0.0,0.02911431274379579
0.0,0.0412576787793939
0.0,0.04121303901313873
0.0,0.020058059787553074
0.0,0.04075170519457731
0.0,0.054368352218370025
0.0,0.09576814929334149
0.0,0.06691287665543783
0.0,0.04469467868976311
0.0,0.051332510709470494
0.0,0.055833486707407134
0.0,0.09014302179074568
1.0,0.0805295236792305
0.0,0.054374984022570697
0.0,0.09211488721207775
0.0,0.027030242987437694
0.0,0.04008888750847955
0.0,0.04981458995502073
0.0,0.05831132571355582
0.0,0.05032056353983732
0.0,-0.004748666824339533
0.0,0.06185314080727194
0.0,0.041152863596046994
0.0,0.08103549726404709
0.0,0.023093901296452602
0.0,0.04576680127648802
0.0,0.030126259913428963
0.0,-0.008238453000121382
0.0,0.02546029331505366
0.0,0.048906700621256065
0.0,0.03265612783751191
0.0,0.0381771975042392
0.0,0.05228428246201193
0.0,0.027090418404529436
0.0,0.016516244693836956
0.0,0.1032536952297218
0.0,0.04779069561575438
0.0,0.03913711575593811
0.0,0.024054576895629905
0.0,0.03468002217677826
0.0,0.0850832859425798
0.0,0.058922114481719315
0.0,0.05729937854392264
0.0,0.051838484294287085
0.0,0.042157421614001066
0.0,0.0008690715265772045
0.0,0.04019294534434807
0.0,0.017974747378673363
0.0,0.044248880522038264
0.0,0.03872781085531096
0.0,0.008414035532570842
0.0,0.024954319730237075
0.0,0.04981458995502073
0.0,0.009931956287020607
0.0,0.06033522005282217
0.0,0.012960408644241049
0.0,-0.009756373754571147
0.0,0.05274561628057335
0.0,0.08660120669702956
0.0,0.0023936240852276587
0.0,0.036703916516044606
0.0,0.06438300873135488
0.0,0.06084119363763876
0.0,0.05881729929837241
0.0,0.06084119363763876
0.0,0.009879927369086338
0.0,0.055328270470068934
0.0,0.08811912745147932
1.0,0.04418870510494652
0.0,0.041152863596046994
0.0,0.008867980199453163
0.0,0.11382711159293588
0.0,0.0412576787793939
1.0,0.07506787208211654
0.0,0.02764103175560119
0.0,0.027596391989346023
0.0,0.04728472203093779
0.0,0.02601829581780452
0.0,0.011397848123536104
0.0,0.05679340495910606
0.0,0.006390141193304492
0.0,0.026026442316961988
0.0,0.059428088066535906
0.0,0.00684408586018681
0.0,0.03958291392366296
0.0,0.0461605705262786
0.0,0.0756332637365465
0.0,0.0048201915209204575
0.0,0.051778308877195346
1.0,0.07456189849729995
0.0,0.016569030959249595
0.0,0.04722454661384605
0.0,0.03265612783751191
0.0,-0.006720532245671616
0.0,0.07956221627585253
0.0,0.027596391989346023
0.0,0.02653241590177858
0.0,0.06185314080727194
0.0,0.10477161598417156
0.0,0.017521560059269428
0.0,0.06843079740988758
0.0,0.048802642785387554
0.0,0.059428088066535906
0.0,0.03063223349824555
0.0,0.043682731520129935
0.0,0.03665113025063196
0.0,0.0048201915209204575
0.0,0.0764817350006978
0.0,0.03714971468376946
0.0,0.07506787208211654
0.0,0.054368352218370025
0.0,-0.002605936345846483
0.0,0.08609523311221297
0.0,0.07749368217033098
0.0,0.042224986182771915
0.0,0.07506787208211654
0.0,0.08817854552109267
0.0,0.03907694033884637
0.0,0.06286508797690511
0.0,0.08356536518813003
0.0,0.05032056353983732
1.0,0.05729937854392264
0.0,0.02163615595909458
0.0,0.03615330316497285
0.0,0.056339460292223725
0.0,0.03912896925678064
0.0,0.07799965575514756
0.0,0.023548603310813317
0.0,0.08255341801849686
0.0,0.0952621757085249
0.0,0.05032056353983732
0.0,0.04464264977182884
0.0,0.04121303901313873
0.0,0.04576680127648802
1.0,0.08305939160331344
0.0,0.051332510709470494
0.0,0.08002355009441392
0.0,0.07496381424624804
0.0,0.02557249765007967
0.0,0.04779069561575438
1.0,0.08002355009441392
0.0,0.02551232223298793
0.0,0.08154147084886368
0.0,0.02854816374188746
1.0,0.07962163434546583
0.0,-0.009250400169754557
0.0,0.03816166185340263
0.0,0.006434780959559676
0.0,0.005928807374743085
0.0,0.03811702208714746
0.0,0.029054137326704046
0.0,0.02404643039647242
0.0,0.03461984675968652
0.0,0.024954319730237075
0.0,0.018078805214541888
0.0,0.05589290477702047
0.0,0.05032056353983732
0.0,0.002899597670044246
0.0,0.0351258203445031
0.0,0.04261875543256249
0.0,-0.002672743567138914
0.0,0.06185314080727194
0.0,0.03963494284159723
0.0,-0.015218025351685104
0.0,0.02849613482395319
0.0,0.00435885770235905
0.0,-0.002166769982322323
0.0,0.002899597670044246
0.0,0.03421793101073844
0.0,0.04019294534434807
0.0,-0.008549868807666585
0.0,0.05197286665446673
0.0,-0.0014142097023000927
0.0,0.02671882717989249
0.0,0.04742649354279652
0.0,0.07273256193530499
0.0,0.025654851092325046
0.0,0.046355128303549986
0.0,0.050515121317108704
0.0,0.007090672555392464
0.0,0.05456290999564141
0.0,0.009166595812593069
0.0,0.03684568802790334
0.0,0.03831157986441885
0.0,0.046905741654621746
0.0,0.07571637452627025
0.0,0.007596646140209051
0.0,0.002082965625160839
0.0,0.04691313080630084
0.0,0.006635970541031749
0.0,0.017716117836540812
0.0,0.03487457995404964
0.0,0.035886527123682815
0.0,0.007090672555392464
0.0,0.03982950061886861
0.0,-0.009561815977299763
0.0,0.057999909906010616
0.0,0.03684568802790334
0.0,-0.0020242411229852084
0.0,0.02779758157081811
0.0,-0.001459606816033663
0.0,0.03942834221739894
0.0,0.035320378121774486
0.0,0.031726534110124105
0.0,0.031332764860333526
0.0,0.0323447120299667
0.0,0.00662933873683106
0.0,0.07976416320480297
0.0,0.0025889392099774262
0.0,0.021257932930256934
0.0,0.04747927980820917
0.0,0.028690692601224574
0.0,0.03679365910996908
0.0,-0.03470440846432639
0.0,-0.010625792064867207
0.0,0.0590118570756438
0.0,0.0443832628822179
0.0,0.025767055427351054
0.0,0.012150408403558344
0.0,-0.009613844895234033
0.0,0.03886219321549061
0.0,0.03183059194599263
0.0,0.04950317414747553
0.0,0.0671074344327092
0.0,0.04084144778850179
0.0,0.06311167467211076
0.0,0.07425048268975476
0.0,-0.007083976971151089
0.0,0.018177451655102234
0.0,0.007090672555392464
0.0,0.060075833163211224
0.0,0.030714586940490927
0.0,0.028690692601224574
0.0,0.09236147390728341
0.0,0.08578381730466778
0.0,-0.014063549322714797
0.0,-0.002984159374684117
0.0,0.023124983168242103
0.0,0.0343158201038204
0.0,0.02165909133172661
0.0,0.041801366040200696
0.0,0.03982950061886861
0.0,0.018728065006173987
0.0,0.015639437231861807
0.0,-0.004554109047068149
0.0,0.03527573835551932
0.0,0.05648198915156085
0.0,0.022731213918451527
0.0,0.004002802128558665
0.0,0.033356659199599875
0.0,-0.006525974468400232
0.0,0.006078725385759286
0.0,0.09134952673765023
0.0,0.051021094901925294
0.0,0.04545538546894282
0.0,0.005014749298191842
0.0,0.061489696081792465
0.0,0.02970263977085775
0.0,0.1069900681007093
0.0,0.06164578283559524
0.0,0.056020655332999436
0.0,0.032790510197691546
1.0,0.09585126008306526
1.0,0.05152706848674188
0.0,0.0035488574616763455
0.0,0.018169305155944747
0.0,0.06963730235679214
0.0,0.004054831046492936
0.0,0.04488923646703449
0.0,0.058453854572892934
0.0,0.02413693033787528
0.0,0.031332764860333526
0.0,-0.006525974468400232
0.0,0.052984813824099905
0.0,0.04595321255460193
0.0,0.05850588349082721
0.0,0.051021094901925294
0.0,0.025200906425442725
0.0,0.032336565530809214
0.0,0.0005130159527768179
0.0,0.055514681748182845
0.0,-0.014063549322714797
0.0,0.030312671191542864
0.0,0.03325184401625297
0.0,0.09180347140453254
0.0,0.05343875849098222
0.0,0.04240400830920672
0.0,-0.0070319480532168195
0.0,0.08021810787168529
0.0,0.07718226636278577
0.0,0.024642903922691868
0.0,-0.0024781857898675264
0.0,0.014628247409707015
0.0,0.05956247042671555
0.0,0.03380245736732473
0.0,0.025304964261311236
1.0,0.0015175739707309066
0.0,-0.001459606816033663
0.0,5.16821342154139e-05
1.0,0.06113980925077866
0.0,0.030766615858425196
0.0,-0.03116259337061027
0.0,0.002023547555547494
0.0,0.00309415544731563
0.0,0.04995636146687946
0.0,-0.012545628568265035
0.0,0.0847718701350346
0.0,0.037857635197536516
0.0,0.03842302685196646
0.0,0.03380245736732473
0.0,0.022671038501359785
0.0,0.04493387623328966
0.0,0.08021810787168529
0.0,0.032790510197691546
1.0,0.06256181866851737
0.0,-0.010625792064867207
0.0,0.015692223497274463
0.0,0.0024848813741089014
0.0,0.025706880010259316
0.0,-0.009561815977299763
0.0,0.020647144162093435
0.0,0.03982211146718951
0.0,0.03177856302805837
0.0,0.01811727623801049
0.0,0.026212853595075903
0.0,-0.008043895222849998
0.0,0.02970263977085775
0.0,-0.01006778956211635
0.0,0.0005056268010977319
0.0,0.0035488574616763455
0.0,-0.0014662386202343516
0.0,-0.0055140272987670574
0.0,0.025654851092325046
0.0,0.057999909906010616
0.0,0.03645191877811275
0.0,0.08730173805911753
0.0,0.05951044150878128
0.0,0.0276787454315914
0.0,-0.0004476596464004848
0.0,0.0722265883504884
0.0,0.0030949127947940136
0.0,0.03020861335567434
0.0,0.016711559818586724
0.0,0.07070127844435958
0.0,0.042909981894023314
0.0,0.027834832185394176
0.0,0.08330597829851907
0.0,0.05456290999564141
0.0,0.03942758486992053
0.0,0.056474599999881754
0.0,-0.030150646200977092
0.0,-0.010625792064867207
0.0,0.07931021853792064
0.0,0.030766615858425196
0.0,0.022671038501359785
0.0,0.002581550058298354
0.0,0.037850246045857426
0.0,-0.008549868807666585
0.0,0.07526242985938793
0.0,0.027224800764709078
0.0,-0.0013621807843658407
0.0,0.02919666618604116
0.0,0.04292551754485988
0.0,0.031220560525307514
0.0,0.009724598315343919
0.0,0.00764867505814331
0.0,0.01867603608823972
0.0,0.038765524531301165
0.0,0.02666679826195822
0.0,0.07323853552012158
0.0,-0.008095924140784267
1.0,0.07121539852833364
0.0,0.04899720056265894
0.0,0.04747927980820917
0.0,0.009114566894658817
1.0,7.0423679602305e-06
0.0,0.06047774891215929
0.0,0.03825955094648458
0.0,0.084265896550218
0.0,0.006071336234080203
0.0,0.028690692601224574
0.0,0.0762743770290211
0.0,0.0722265883504884
0.0,-0.00758995055596768
0.0,0.04894441429724629
1.0,0.008102619725025639
0.0,-0.0074711144167409795
0.0,0.10491414484350867
0.0,0.08375992296540141
0.0,0.042367515042109026
0.0,0.019687225910394512
0.0,0.027738920848683138
0.0,0.05597601556674427
0.0,0.03825955094648458
0.0,0.042865342127768144
0.0,0.028742721519158843
0.0,0.04640715722148426
0.0,0.007596646140209051
0.0,0.02717277184677481
1.0,0.041801366040200696
0.0,-0.0030361882926183865
0.0,0.05203304207155847
0.0,0.055574857165274584
0.0,0.05698796273637744
0.0,0.0029908549589254887
0.0,0.02976281518794949
0.0,0.053550962826008235
0.0,0.0024848813741089014
0.0,0.08780771164393411
0.0,0.03746386594774592
0.0,0.06103575141491015
0.0,0.041801366040200696
0.0,-0.029138699031343918
0.0,0.00662933873683106
0.0,0.005572751800942698
0.0,0.0070386436374581945
0.0,-0.008043895222849998
0.0,0.038810164297556335
0.0,0.007544617222274782
0.0,0.038765524531301165
0.0,0.0237431610880847
0.0,0.03932352703405202
1.0,0.07617031919315259
0.0,-0.007083976971151089
0.0,0.020751959345440343
0.0,0.0676802152388182
0.0,0.01615355731583588
0.0,0.021711120249660865
0.0,0.040335474203685204
0.0,0.005565362649263612
0.0,-0.009107871310417442
0.0,-0.005566056216701327
0.0,0.09378272597754374
0.0,-0.0008934578141253334
0.0,0.02261900958342552
0.0,-0.03318648770987662
0.0,0.006532670052641607
0.0,0.013668329158008106
0.0,-0.008095924140784267
0.0,0.07267314386569168
0.0,0.013162355573191523
0.0,0.03020861335567434
0.0,0.012157040207759047
0.0,0.03336329100380058
0.0,0.005066778216126111
0.0,0.0005576557190319978
0.0,0.005624780718876954
0.0,0.011592405900807488
0.0,0.02418895925580955
0.0,0.04697330622339259
0.0,0.0828000047137025
0.0,0.031220560525307514
0.0,-0.004502080129133879
0.0,-0.0055140272987670574
0.0,5.16821342154139e-05
0.0,0.008101862377547241
0.0,0.004047441894813847
0.0,0.023735014588927218
0.0,0.02160706241379234
0.0,0.0828000047137025
0.0,0.024241745521222192
0.0,0.017716117836540812
0.0,0.03936816680030719
0.0,0.005014749298191842
0.0,0.09748062782506264
0.0,0.01766333157112816
0.0,0.03775357736166799
0.0,-0.011585710316566113
0.0,0.06913132877197556
0.0,0.02429377443915646
0.0,0.05197286665446673
0.0,0.015692223497274463
0.0,0.006026696467825016
0.0,0.010677127415363766
0.0,-0.0019722122050509425
0.0,0.020201345994368586
0.0,0.010171153830547175
0.0,0.007090672555392464
0.0,0.03020861335567434
0.0,0.04494941188412623
0.0,-0.008095924140784267
0.0,0.04028344528575093
0.0,0.02666679826195822
0.0,0.043825260379467046
0.0,0.04950317414747553
0.0,0.02121329316400176
0.0,0.0590118570756438
0.0,0.013162355573191523
0.0,0.0036001290321322175
0.0,0.012150408403558344
0.0,0.023177012086176375
0.0,-0.010015760644182095
0.0,-0.0024707966381884543
0.0,0.004605444397564704
0.0,0.039881529536802865
0.0,0.026779002596984233
0.0,0.025261081842534467
0.0,0.057493936321194025
0.0,0.038765524531301165
0.0,0.03426379118588614
0.0,0.03932352703405202
0.0,-0.009107871310417442
0.0,0.03578171194033591
0.0,0.03887772886632718
0.0,-0.006020000883583645
0.0,-0.006020000883583645
0.0,0.009620540479475404
0.0,-0.008043895222849998
0.0,-0.009561815977299763
0.0,0.047925077975934025
0.0,0.004054831046492936
0.0,0.026212853595075903
0.0,0.0010636293038485886
0.0,0.025811695193606224
0.0,0.1069900681007093
0.0,0.05242681132134905
0.0,-0.00045429145060117693
0.0,-0.009107871310417442
0.0,0.0065846989705758766
0.0,-0.0024781857898675264
0.0,0.042865342127768144
0.0,0.02222524033363494
1.0,0.06351359042105881
0.0,0.028236747934342256
0.0,-0.01006778956211635
0.0,-0.00500805371395047
1.0,0.047925077975934025
0.0,0.003496828543742078
0.0,0.01468766547932037
0.0,0.05405693641082482
0.0,0.04235936854295155
0.0,0.07920616070205212
0.0,0.06660146084789262
0.0,0.05597601556674427
0.0,0.010631730301630182
0.0,-0.03369246129469321
0.0,0.015192881716658578
0.0,0.020647144162093435
0.0,0.018728065006173987
0.0,0.005111417982381294
0.0,0.03741183702981167
0.0,0.017158115333789956
0.0,0.017216776055924927
0.0,0.023682985670992963
0.0,0.036898474293316
0.0,0.035886527123682815
0.0,0.03679365910996908
0.0,0.039271498116117756
0.0,0.021711120249660865
0.0,0.028802896936250585
0.0,0.0237431610880847
0.0,0.038922368632582346
0.0,-0.0009008469658044332
0.0,0.042977546462794135
0.0,0.033296483782508136
0.0,-0.010573763146932938
0.0,0.01766333157112816
0.0,0.028802896936250585
0.0,-0.002984159374684117
0.0,0.0015762346928658647
0.0,0.025706880010259316
0.0,0.03127258944324178
0.0,0.08173602862613506
0.0,0.08173602862613506
0.0,0.02261900958342552
0.0,0.02981484410588376
1.0,0.02671882717989249
0.0,-0.004502080129133879
0.0,0.059569859578394634
0.0,0.057999909906010616
0.0,0.00805059080709137
0.0,0.030774005010104282
0.0,0.046355128303549986
0.0,0.03589315892788352
0.0,0.024694932840626137
0.0,0.025706880010259316
0.0,0.005014749298191842
0.0,0.028802896936250585
0.0,0.02165909133172661
0.0,0.003496828543742078
0.0,0.04331928679465046
0.0,0.05648198915156085
0.0,0.057493936321194025
0.0,0.010074485146357722
0.0,0.009568511561541135
0.0,-0.006072029801517914
0.0,0.02671882717989249
0.0,0.031220560525307514
0.0,0.03937555595198628
0.0,0.009620540479475404
0.0,0.025200906425442725
0.0,0.04134742137331838
0.0,0.031220560525307514
0.0,-0.0055140272987670574
0.0,-0.011474263329018516
0.0,-0.011637739234500384
0.0,-0.01259765748619929
0.0,0.00860859330984223
0.0,0.06204769858454332
0.0,0.06862535518715897
0.0,0.015640194579340193
0.0,0.03825955094648458
0.0,0.024694932840626137
0.0,0.025200906425442725
0.0,0.06361764825692734
0.0,0.03936816680030719
0.0,0.023682985670992963
0.0,0.04038826046909784
0.0,0.04747927980820917
0.0,0.025767055427351054
1.0,0.07064924952642532
0.0,0.042865342127768144
0.0,0.028244894433499725
0.0,0.07217455943255414
0.0,0.05152706848674188
0.0,0.0024848813741089014
0.0,0.01974001217580717
0.0,0.008102619725025639
0.0,0.028690692601224574
0.0,0.01113846123392517
0.0,0.055068883580458
0.0,0.022671038501359785
0.0,0.05000914773229211
0.0,0.004106859964427192
0.0,0.011190490151859425
0.0,0.02283527175432004
0.0,0.0010702611080492773
0.0,0.023630956753058693
0.0,0.07020269401122205
0.0,0.060075833163211224
0.0,0.0020822082776824555
0.0,0.0852258148019169
0.0,0.047925077975934025
0.0,0.06113980925077866
0.0,0.042865342127768144
0.0,0.022671038501359785
0.0,0.02227726925156919
0.0,0.01726956232133757
0.0,0.01671080247110834
1.0,0.004508775713375254
0.0,0.025706880010259316
0.0,0.04950317414747553
0.0,0.019234038590990578
0.0,0.04084144778850179
0.0,0.03436860636923305
0.0,0.0015762346928658647
0.0,0.041295392455384106
0.0,0.07515837202351941
1.0,0.02479974802397305
0.0,0.02930887052106717
0.0,0.084265896550218
1.0,0.028296923351433995
0.0,0.04393746471449306
0.0,0.07273256193530499
0.0,0.08173602862613506
0.0,0.09393881273134652
0.0,0.007544617222274782
0.0,0.021771295666752608
0.0,0.025654851092325046
0.0,-0.03217454054024345
0.0,0.025767055427351054
0.0,0.05152706848674188
0.0,0.0560288018321569
0.0,0.003496828543742078
0.0,0.025706880010259316
1.0,0.08123005504131847
0.0,0.03679365910996908
0.0,0.03020861335567434
0.0,0.015692223497274463
0.0,0.020201345994368586
0.0,0.060529777830093556
0.0,0.05597601556674427
0.0,0.08736115612873088
0.0,0.07212253051461989
0.0,0.10091838508291023
0.0,0.06103575141491015
0.0,0.00805059080709137
0.0,0.048491226977842354
0.0,0.0458491547187334
0.0,0.023177012086176375
0.0,0.04747927980820917
0.0,-0.0019722122050509425
0.0,0.03982950061886861
0.0,0.028296923351433995
0.0,-0.01608744366198115
0.0,0.04691313080630084
0.0,0.02418895925580955
0.0,0.06558951367825944
0.0,0.06919074684158888
0.0,0.08173602862613506
0.0,0.03032081769070035
0.0,0.03932352703405202
0.0,-0.017039972762000984
0.0,-0.0029775275704834285
0.0,0.039271498116117756
0.0,-0.012143712819316971
0.0,0.02413693033787528
0.0,0.016651384401494985
0.0,0.0444954672172439
0.0,0.06919074684158888
0.0,0.038363608782353106
0.0,0.030766615858425196
0.0,-0.012143712819316971
0.0,0.03982950061886861
0.0,-0.01006778956211635
0.0,0.060075833163211224
0.0,0.022113035998608928
0.0,-0.0034233257382082737
0.0,-0.0010049048016729477
0.0,0.010126514064291992
0.0,0.03724760377685141
0.0,0.05253901565637506
1.0,0.04089347670643605
0.0,-0.0019722122050509425
0.0,0.048491226977842354
0.0,0.04945038788206287
0.0,0.012656381988374932
0.0,0.0625536721693599
0.0,0.07919877155037305
0.0,0.033356659199599875
0.0,0.03375781760106955
0.0,0.01868342523991882
0.0,0.023630956753058693
0.0,0.03993431580221552
0.0,0.040335474203685204
0.0,0.02970263977085775
0.0,0.025200906425442725
0.0,0.022671038501359785
0.0,-0.008043895222849998
0.0,0.018170062503423134
0.0,-0.0009536332312170756
0.0,0.08375992296540141
0.0,0.055574857165274584
0.0,0.05698796273637744
1.0,0.02479974802397305
0.0,-0.00753792163803341
0.0,0.06811938160234238
0.0,-0.014621551825465644
0.0,0.04787304905799975
0.0,0.03695789236292934
0.0,0.022165064916543197
0.0,0.054652652589565885
0.0,0.03102134905278832
0.0,0.021861795608155467
0.0,0.05886467452105883
0.0,0.045143969661397616
0.0,0.04413202249176444
0.0,0.006727227829912991
0.0,0.04964570300681264
0.0,0.026913384957163874
0.0,0.05172162626401326
0.0,0.017805860430465288
1.0,0.08091863923377327
0.0,0.04109618098286491
0.0,0.04762180866754629
0.0,0.009257095753995932
0.0,0.03451852438024927
0.0,0.026913384957163874
0.0,0.0542514941880962
0.0,0.03962289999467032
0.0,0.02084170193936482
0.0,0.04059020739804833
0.0,0.032546658958917174
1.0,0.029451399380404288
0.0,0.08704974032118568
0.0,0.0214598798592074
0.0,0.024949666034989264
0.0,0.09109752899971837
0.0,0.053693491685345346
0.0,0.010775016508445694
0.0,0.006727227829912991
0.0,0.029451399380404288
1.0,0.05870044126809859
0.0,-0.006889419193879705
0.0,0.021347675524181407
0.0,0.02596161320462244
0.0,0.02488949061789752
0.0,0.03350657721061609
0.0,0.026921531456321347
0.0,0.03298506797496293
0.0,0.024949666034989264
0.0,0.013810858017345225
0.0,0.0461559168310308
0.0,-0.0038015487670459078
0.0,0.0551065972564482
0.0,-0.00025310186912910065
0.0,0.0764689348062925
0.0,0.08147664173652411
0.0,0.07838877130969032
0.0,0.05121565267919668
0.0,0.06573943168927562
0.0,0.020387757272482484
0.0,0.05515862617438247
0.0,0.0022254944844979675
0.0,0.061788311694932374
0.0,0.03643021438448961
0.0,0.03957826022841515
0.0,0.07292711971257637
1.0,0.05121565267919668
0.0,0.09757112776646551
0.0,0.016348115093107265
0.0,0.05920641485291518
0.0,-0.01189712612411132
0.0,0.04362604890694786
0.0,0.05364070541993271
0.0,0.0375469767374697
0.0,0.024949666034989264
0.0,0.009815098256746788
0.0,0.027479533959072204
0.0,0.04969773192474691
0.0,0.03394498622666184
0.0,0.04109618098286491
0.0,0.027419358541980462
0.0,-0.013868991545443413
0.0,0.04463799607658103
0.0,0.05717513136196972
0.0,0.03896008230857255
0.0,0.08901421659083868
0.0,0.009815098256746788
0.0,0.03096932013485405
0.0,0.04564994324621421
0.0,0.032546658958917174
0.0,0.07383500904634104
0.0,0.032539269807238085
0.0,0.009815098256746788
0.0,0.04817981117029715
0.0,0.028438694863292726
0.0,0.04817981117029715
0.0,0.04210812815249809
0.0,0.03153471178928399
0.0,0.04868578475511374
0.0,0.07185575447332988
0.0,0.0764689348062925
0.0,0.0461559168310308
0.0,0.021407850941273145
0.0,0.000707573730048202
0.0,0.07737682414005714
0.0,0.05374552060327962
0.0,0.030009401883155144
0.0,0.04716786400066397
0.0,0.058194467683282
0.0,0.013818247169024325
0.0,0.07889474489450692
0.0,0.0794007184793235
0.0,0.04356587348985612
0.0,0.023825514530330077
0.0,-0.006331416691128848
0.0,-0.037039718611137945
0.0,0.055612570841264794
0.0,-0.009419287117962645
0.0,-0.014932967633010847
0.0,0.03551493589904587
0.0,0.02337156986344776
0.0,0.10414878436908115
0.0,0.08148403088820319
0.0,0.0336106350464846
0.0,0.01386288693527949
0.0,0.01046360070090049
0.0,0.0090043406685857
0.0,0.013558102931934993
0.0,0.02199617796833511
0.0,-0.002588412015940657
0.0,-0.01777425136463899
0.0,0.03313498598597915
0.0,0.07959527625659489
0.0,0.03380519282375599
0.0,0.03718277466451185
0.0,0.0790893026717783
0.0,-0.01018464759239017
0.0,-0.014232436270922875
0.0,0.018506391792553263
0.0,-0.03684516083386656
0.0,-0.01018464759239017
0.0,0.0090043406685857
0.0,-0.014232436270922875
0.0,0.01901236537736985
0.0,-0.005630885329040873
0.0,0.04932614070010997
0.0,0.019570367880120693
0.0,-0.0016797653346976235
0.0,-0.017722222446704735
0.0,0.05535318395165385
0.0,0.03015193074249226
0.0,0.10535528931598571
0.0,0.04280865951458606
0.0,0.08359842516887242
0.0,0.01896033645943558
0.0,0.036231002911970414
0.0,0.04382060668421924
1.0,0.025144223812260648
0.0,0.01355147112773429
0.0,0.020024312547003025
0.0,0.01558275461867973
0.0,0.029147372724538184
0.0,0.03358893065286147
0.0,0.0630029631409944
0.0,0.025144223812260648
0.0,0.08522040375919071
0.0,0.06553207371759893
0.0,0.053835263197204095
0.0,0.020024312547003025
0.0,-5.854409185771653e-05
0.0,0.045338527438669
0.0,0.045338527438669
0.0,0.02210838230336112
0.0,0.027174749955727703
0.0,0.04933428719926744
0.0,0.04584450102348559
0.0,-0.016308359528123498
0.0,0.008439706361634138
0.0,0.04078476517531971
0.0,0.06345615046039832
0.0,0.06800991272374762
0.0,0.028634009988042494
0.0,0.06187881163633523
0.0,0.06497407121484809
0.0,0.07099372531471289
0.0,0.03718277466451185
0.0,0.03465290674042891
0.0,0.04123870984220203
0.0,0.0670507518195271
0.0,-0.002185738919514211
0.0,0.029131837073701615
0.0,0.045428270032593476
0.0,0.029787728669534417
0.0,0.019712896739457822
0.0,0.046388188284292385
0.0,0.03541361351960863
0.0,0.04694619078704324
0.0,0.033329543763250535
0.0,0.06359867931973545
0.0,0.0615747849804691
0.0,0.03934919786311532
0.0,0.02135041098061267
0.0,-0.01965561684456823
0.0,0.019660867821523553
0.0,0.08288509361237914
0.0,0.044015164461490626
0.0,0.012131439466366472
0.0,0.006610369799639172
0.0,0.05352384738965889
0.0,0.06815244158308476
0.0,0.04497432536571115
0.0,0.042898402108510536
0.0,0.0489700851263096
0.0,0.016119052727807434
0.0,0.06967036233753451
0.0,0.016171081645741707
0.0,0.03130564942398418
0.0,0.02877578149990124
0.0,0.04694619078704324
1.0,0.0615747849804691
0.0,0.05200592663520913
0.0,0.03130564942398418
0.0,0.03434149093288371
0.0,-0.005027022651142356
0.0,0.03940861593272868
0.0,0.06359867931973545
0.0,0.0802511678524277
0.0,0.0458822146994758
0.0,0.03383551734806712
0.0,0.02027904574136615
0.0,0.02826980791508465
0.0,0.038449455028508155
0.0,0.022808913665449092
1.0,0.03428946201494944
0.0,0.03693153427405839
0.0,0.0323777720107091
0.0,0.034847464517700294
0.0,0.016171081645741707
0.0,-0.014543852078468079
0.0,0.04492229644777689
0.0,0.046388188284292385
0.0,-0.004469020148391498
0.0,0.016677055230558294
0.0,0.015665108060925116
0.0,0.014705189809226197
0.0,-0.00396304656357491
0.0,-0.015555799248101253
0.0,-0.011501378765367859
0.0,0.03288374559552569
0.0,0.016119052727807434
0.0,-0.0019391522243085574
0.0,0.0984215771395697
0.0,0.04694619078704324
0.0,0.0005907156997743829
0.0,-0.01611380175085211
0.0,0.021796966495815917
0.0,0.02269670933042308
0.0,0.02027904574136615
0.0,0.04947605871112618
0.0,0.0489700851263096
0.0,0.06815244158308476
0.0,-0.01358393382676917
0.0,0.04193848385681162
0.0,-0.00401507548150918
0.0,0.06764646799826816
0.0,-0.017631722505301876
0.0,0.03338157268118479
0.0,0.06967036233753451
0.0,0.04340437569332713
0.0,0.06511660007418521
0.0,0.044015164461490626
0.0,0.01768900240019147
0.0,-0.02112150868108372
0.0,0.010710187396106144
0.0,0.04841208262355874
0.0,0.010613518711916707
0.0,0.019712896739457822
0.0,0.027756445178588964
0.0,0.028329983332176394
0.0,0.07619599002221589
0.0,0.027318036162543215
0.0,0.01475797607463885
0.0,-0.0034124332125031395
0.0,0.037883306026599825
0.0,-0.012013984154385138
0.0,0.019206923154641235
0.0,0.02021887032427441
0.0,-0.0009272050546753827
0.0,0.03191643819214768
0.0,0.03996737578295792
0.0,0.04339698654164803
0.0,0.04644021720222666
0.0,0.012629266552025589
0.0,0.016119052727807434
0.0,0.029847904086626156
0.0,0.0450271116311238
0.0,0.030241673336416735
0.0,-0.014089907411585757
0.0,0.0262385244241392
0.0,0.04740013545392556
0.0,0.05149995305039254
0.0,0.010665547629850978
0.0,0.028329983332176394
0.0,0.014653160891291941
0.0,-0.008970753493806535
0.0,0.08480493011577699
0.0,0.04542088088091438
0.0,0.029386570268064738
0.0,-0.01960358792663396
0.0,0.03141046460733109
0.0,-0.01100203698475196
0.0,0.006156425132756854
0.0,0.03181976950795824
0.0,0.010211602962968646
0.0,0.021290992910999326
0.0,0.018194975985008056
1.0,0.06511660007418521
0.0,0.016781870413905206
0.0,0.021684762160789905
0.0,0.0182551514020998
0.0,0.03389569276515886
0.0,0.01768900240019147
0.0,0.046894161869108976
0.0,-0.0166197753356687
0.0,0.03181162300880077
0.0,0.021736791078724175
0.0,0.04644021720222666
0.0,-0.006448274721402671
0.0,-0.013479875990900649
0.0,-0.008465537256468331
0.0,0.0364255606892418
0.0,0.015167280975266002
0.0,0.013187269054776431
0.0,0.06562257365900181
0.0,0.04492229644777689
0.0,0.02928175508471783
0.0,0.044015164461490626
0.0,0.04947605871112618
0.0,0.01166934830032667
0.0,0.04138048135406078
0.0,0.04649300346763929
0.0,0.0176369734822572
0.0,0.016737230647650033
0.0,0.03783127710866556
1.0,-0.00143317863949197
0.0,-0.00891133542419318
0.0,0.04249724370704086
0.0,0.019267098571732973
0.0,0.040979322952591095
0.0,0.035919587104425214
0.0,0.016179228144899176
0.0,0.03187179842589251
0.0,0.06764646799826816
0.0,0.06714049441345157
0.0,0.051447924132458266
0.0,0.011163374715510078
0.0,0.028880596683248147
0.0,0.05402982097447548
0.0,0.013195415553933918
0.0,-0.01645629943018683
0.0,0.025844755174348623
0.0,0.018761124986916386
0.0,0.025844755174348623
0.0,0.013641213721658767
0.0,0.01718302881537488
0.0,0.013812836126298116
0.0,0.042445214789106595
0.0,0.06815244158308476
0.0,0.04694619078704324
0.0,0.02928175508471783
0.0,0.06370273715560396
0.0,-0.004416991230457242
0.0,0.02021887032427441
0.0,-0.007460221891035845
0.0,0.01718302881537488
0.0,0.003120583623857323
0.0,0.044015164461490626
0.0,0.022242764663540762
0.0,0.04452113804630721
0.0,-0.02505785037206883
0.0,-0.0064416429172019785
0.0,0.014653160891291941
0.0,0.019712896739457822
0.0,0.004080501875556232
0.0,0.028374623098431563
0.0,0.0530178738048423
0.0,0.06916438875271792
0.0,0.06764646799826816
0.0,-0.009484116230302195
0.0,0.00012938188121297545
0.0,0.01471333630838368
0.0,0.018700949569824647
0.0,-0.009030171563419877
0.0,0.0323777720107091
0.0,-0.007265664113764461
0.0,0.0481526957339478
0.0,0.04167985431467907
0.0,0.07188881445407225
0.0,0.05681366474544312
0.0,0.037632065636146364
0.0,0.06885297294517272
0.0,0.04764672214913122
0.0,-0.02295084524307869
0.0,0.07188881445407225
0.0,0.0315603826183473
0.0,0.07846647105668789
0.0,-0.0042744623711201135
0.0,0.019907454516729206
0.0,0.032006180786072154
0.0,-0.015309212552895614
0.0,0.06429921068182343
0.0,0.015301663335445644
0.0,0.03555614237894574
0.0,0.005339035740395064
0.0,0.04207362356446964
1.0,0.07947841822632107
0.0,-0.00023406284426649715
0.0,0.010851958907964875
0.0,0.012883999746388715
0.0,0.00027929989222917964
0.0,0.014565396406320347
0.0,0.020413428101545793
0.0,-0.00022667369258740772
0.0,0.03251215437088874
0.0,-0.022444871658262103
0.0,0.025540728518482502
0.0,0.023397240692511055
0.0,0.049224060973194296
0.0,-0.00934158737096508
0.0,0.012422665927827294
0.0,0.01383577149893015
0.0,0.04612880139468145
0.0,0.04562282780986486
0.0,-0.00483246487387097
0.0,0.04730498181727487
0.0,0.06429921068182343
0.0,0.01383577149893015
0.0,0.01889550734709603
0.0,0.06632310502108978
0.0,0.06682907860590637
0.0,0.02401541861235365
1.0,0.0299822864468058
0.0,0.06389805228035376
0.0,0.01332979791411356
1.0,0.07087686728443907
0.0,0.03150020720125556
0.0,0.033078303372797074
0.0,0.031054409033530718
0.0,0.09051316840809658
0.0,0.06632310502108978
0.0,0.04781095540209145
0.0,-0.007310303880019641
0.0,0.05169451082766392
0.0,0.023910603429006742
0.0,0.023903214277327643
0.0,0.03211099596941906
0.0,0.05827216743027957
0.0,-0.011306063640618091
0.0,-0.020926950903812337
0.0,0.014341745083746738
0.0,0.017437762009738008
0.0,0.04562282780986486
0.0,0.025421135031777408
0.0,0.01332979791411356
0.0,0.07650199478703489
0.0,0.034536048710155094
0.0,0.0219915242730873
0.0,0.037632065636146364
0.0,-0.016425217558397313
0.0,-0.019915003734179162
0.0,0.018337504844345175
0.0,0.03554799587978827
0.0,0.02993025752887153
0.0,0.014847718668563326
0.0,0.01079992999003062
0.0,0.010293956405214032
0.0,-0.0022505680318537606
0.0,-0.026440631418860553
0.0,0.05422437875174686
0.0,0.020979577103454126
0.0,0.05220048441248051
0.0,0.028456976540676936
0.0,0.09157714449566401
0.0,0.07745452388705472
0.0,0.07087686728443907
0.0,0.06379323709700684
0.0,0.04314498880371618
0.0,0.06581713143627319
0.0,0.011872052576755537
0.0,0.017377586592646266
0.0,0.029587759849536825
0.0,0.011811877159663798
0.0,0.014341745083746738
0.0,-0.014349294301196695
0.0,0.019967629933820945
0.0,0.04764672214913122
0.0,0.06682907860590637
0.0,0.01940148093191262
0.0,0.03662011846651319
0.0,0.04770689756622294
0.0,0.03206635620316389
1.0,0.07998439181113766
0.0,0.014847718668563326
0.0,0.073406735208522
0.0,0.032006180786072154
0.0,0.02790636318960518
0.0,0.024424723512980803
0.0,0.018337504844345175
0.0,-0.0017445944470371733
0.0,0.0385838373886878
0.0,0.03301812795570533
0.0,0.016923641925763934
0.0,0.0012912470618623544
0.0,0.1021505608588781
0.0,0.04916464290358098
0.0,-0.008329640201331905
0.0,0.047140748564314626
0.0,-0.009743503119913142
0.0,0.04663477497949804
0.0,0.10311786826225611
0.0,0.04167909696720067
0.0,-0.007771637698581045
0.0,0.0299822864468058
0.0,0.046686803897432294
0.0,-0.004780435955936701
0.0,-0.01536124147082987
0.0,0.08398754072341519
0.0,0.028122625360499698
0.0,0.019855425598794937
0.0,0.02654528653643659
0.0,0.04764672214913122
0.0,0.04364357323685368
0.0,0.09866077468309625
0.0,0.017831531259528584
0.0,-0.0011865919442863304
0.0,-0.007265664113764461
0.0,-0.02042097731899575
1.0,0.01580763692026223
0.0,0.0158596658381965
0.0,0.012430055079506383
0.0,0.03914998639059613
0.0,0.07194084337200651
1.0,0.014401920500838477
0.0,-0.01743716472803049
0.0,0.07892041572357021
0.0,0.007310901161727144
0.0,0.06130800893917909
0.0,0.015353692253379913
0.0,0.024014661264875253
0.0,-0.018955085482480257
0.0,0.03251215437088874
0.0,0.039193868809372895
0.0,0.027557233706069773
0.0,0.00882882191617691
0.0,0.015353692253379913
0.0,0.06536318676939086
0.0,0.05068256365803074
0.0,0.03301812795570533
0.0,0.030994233616438976
0.0,0.010398771588560944
0.0,0.05523632592138004
0.0,-0.0007326472774039951
0.0,0.05681366474544312
0.0,0.026492500271023938
0.0,0.06480518426664002
0.0,0.032572329787980484
0.0,0.023457416109602794
1.0,0.009848158237489184
0.0,0.026551918340637297
0.0,0.07947841822632107
0.0,0.044715695823578594
0.0,0.01580763692026223
0.0,0.045116854225048277
0.0,0.03554799587978827
0.0,-0.023456818827895277
0.0,-0.006856359213137323
0.0,-0.016373188640463044
0.0,0.034700281963115344
0.0,0.03048826003162239
0.0,0.04117388072986248
0.0,0.05068256365803074
0.0,0.018449709179371183
0.0,0.034536048710155094
0.0,0.024967190364895087
0.0,0.02851639461029029
0.0,0.07188881445407225
0.0,0.026894416019972
0.0,0.02148555068827071
0.0,0.024528024001370944
0.0,0.03751986130112035
0.0,0.0299822864468058
0.0,0.01131405007400468
